{"_timestamp":1.7472112282826705e+09,"_runtime":121.849344528,"scheduler_factor":0.4566395992413277,"epoch":1,"scheduler_patience":4,"freeze_backbone":false,"val_loss":0.19689828791516892,"best_val_loss":0.19689828791516892,"weight_decay":0.026453257276556567,"grad_clip_value":1.47078459448269,"dropout_rates":[0.5807705634994895,0.48930329413821383,0.5355068200013525],"lr_decay_factor":0.07420914937766805,"_wandb":{"runtime":226},"_step":0,"learning_rate":1.1421861319005969e-05,"hidden_layers":3,"hidden_dims":[192,192,128],"train_loss":0.21541015859254853}