{
    "traffic_safety_acc": 0.4204946996466431,
    "social_safety_acc": 0.3674911660777385,
    "beautiful_acc": 0.40636042402826855,
    "overall_acc": 0.39811542991755006
}