{
    "traffic_safety_acc": 0.4575971731448763,
    "social_safety_acc": 0.3710247349823322,
    "beautiful_acc": 0.4452296819787986,
    "overall_acc": 0.4246171967020023
}