{
    "learning_rate": 6.147194531335675e-05,
    "weight_decay": 0.07574248808254613,
    "lr_decay_factor": 0.3806084543266483,
    "scheduler_factor": 0.5903067730522901,
    "scheduler_patience": 5,
    "hidden_layers": 1,
    "hidden_dims": [
        128
    ],
    "dropout_rates": [
        0.36780540129530714
    ],
    "freeze_backbone": false,
    "grad_clip_value": 2.0931629772097855,
    "hidden_dim_0": 128,
    "dropout_rate_0": 0.36780540129530714
}