{
    "traffic_safety_acc": 0.09010600706713781,
    "social_safety_acc": 0.0636042402826855,
    "beautiful_acc": 0.13074204946996468,
    "overall_acc": 0.09481743227326267
}