{"train_loss":0.17395563775513692,"recall":[[0.5258620689655172,0.32,0.5533333333333333],[0.1566265060240964,0.7177033492822966,0.3175182481751825],[0.7745098039215687,0.367816091954023,0.3776595744680851]],"confusion_matrices":[[[61,37,18],[64,48,38],[47,87,166]],[[13,66,4],[13,150,46],[10,177,87]],[[158,36,10],[93,64,17],[63,54,71]]],"beautiful_acc":0.5176678445229682,"warmup_loss":3.166008221019398,"best_val_loss":0.18851596624293226,"_wandb":{"runtime":2954},"lr_decay_factor":0.07420914937766805,"learning_rate":5.215674175300908e-06,"loss_plot":{"format":"png","width":1000,"height":600,"_type":"image-file","sha256":"2fd6a23e470023a4c197c3b15bf813b6df8396a870d5bd687507aa5de700b2fa","size":37550,"path":"media/images/loss_plot_22_2fd6a23e470023a4c197.png"},"_step":23,"epoch":12,"precision":[[0.3546511627906977,0.27906976744186046,0.7477477477477478],[0.3611111111111111,0.3816793893129771,0.635036496350365],[0.5031847133757962,0.4155844155844156,0.7244897959183674]],"f1_score":[[0.4236111111111111,0.2981366459627329,0.6360153256704981],[0.2184873949579832,0.4983388704318937,0.4233576642335767],[0.61003861003861,0.3902439024390244,0.49650349650349657]],"weight_decay":0.026453257276556567,"hidden_dims":[192,192,128],"social_safety_acc":0.4416961130742049,"_timestamp":1.7472147108441985e+09,"scheduler_factor":0.4566395992413277,"hidden_layers":3,"warmup_epoch":10,"dropout_rates":[0.5807705634994895,0.48930329413821383,0.5355068200013525],"_runtime":2954.4248849,"overall_acc":0.48174322732626623,"warmup_factor":1,"scheduler_patience":4,"val_loss":0.19489523366833408,"grad_clip_value":1.47078459448269,"warmup_lr":0.00015391446222995218,"freeze_backbone":false,"traffic_safety_acc":0.48586572438162545}