{
    "traffic_safety_acc": 0.49646643109540634,
    "social_safety_acc": 0.4416961130742049,
    "beautiful_acc": 0.5053003533568905,
    "overall_acc": 0.4811542991755006
}