{
    "traffic_safety_acc": 0.48586572438162545,
    "social_safety_acc": 0.4416961130742049,
    "beautiful_acc": 0.5176678445229682,
    "overall_acc": 0.48174322732626623
}