{
    "traffic_safety_acc": 0.2826855123674912,
    "social_safety_acc": 0.3303886925795053,
    "beautiful_acc": 0.26325088339222613,
    "overall_acc": 0.2921083627797409
}