{
    "learning_rate": 0.00015391446222995218,
    "weight_decay": 0.026453257276556567,
    "lr_decay_factor": 0.07420914937766805,
    "scheduler_factor": 0.4566395992413277,
    "scheduler_patience": 4,
    "hidden_layers": 3,
    "hidden_dims": [
        192,
        192,
        128
    ],
    "dropout_rates": [
        0.5807705634994895,
        0.48930329413821383,
        0.5355068200013525
    ],
    "use_cross_attention": false,
    "cross_attn_heads": null,
    "freeze_backbone": false,
    "grad_clip_value": 1.47078459448269,
    "hidden_dim_0": 192,
    "dropout_rate_0": 0.5807705634994895,
    "hidden_dim_1": 192,
    "dropout_rate_1": 0.48930329413821383,
    "hidden_dim_2": 128,
    "dropout_rate_2": 0.5355068200013525
}