{
    "traffic_safety_acc": 0.5141342756183745,
    "social_safety_acc": 0.4275618374558304,
    "beautiful_acc": 0.5265017667844523,
    "overall_acc": 0.48939929328621906
}